4883,2846
313,1675
2222,875
7930,1052
1149,1874
2149,500
990,2886
9520,1726
9642,2769
5589,41
4274,2533
1505,1104
6703,2523
7253,1186
5348,1384
6286,166
7553,1914
2993,514
7822,1636
2759,485
6626,909
2511,384
2995,2656
3975,2168
1455,592
4498,1982
8392,1994
3536,771
9383,1804
3774,1488
2026,2607
9544,933
3553,1382
9100,1920
2943,1523
8493,2680
1542,1230
6895,1082
7079,2566
4268,1690
6484,2158
1238,101
4485,2661
7002,1481
1978,2549
4642,2116
2158,839
7973,2203
8140,2817
6868,171
4760,674
9825,1361
56,1586
8430,197
8517,265
7033,1156
3918,1594
3079,143
1185,2349
539,1429
7246,268
4805,478
6514,2294
5580,2099
10024,2459
9233,571
2342,343
5333,445
2216,2810
8558,1989
2534,1618
4332,2526
7280,2352
6816,2845
8855,1004
4648,1679
9533,642
9566,2308
4745,753
8874,280
1140,78
5412,1282
3130,357
5676,2006
7588,2971
5024,167
7159,1994
2638,277
2016,671
6526,2142
7046,2433
253,1036
4023,1218
6276,2009
7028,787
4259,2134
2191,565
1921,1669
2829,284
9930,2008
3264,2690
4978,457
9721,1315
1525,768
4041,845
9779,2144
7006,2276
6184,156
4705,1924
915,2395
9864,349
6076,282
2767,2010
4087,1528
3558,817
7062,621
8492,1702
1060,683
7631,2649
5905,139
8643,1023
502,1880
5327,2695
1269,70
532,706
672,2322
2470,1752
536,1010
9348,1479
1855,418
510,549
3193,95
6959,349
9097,2102
545,1284
1072,1290
9927,106
92,1981
5234,2449
1293,795
1608,2385
5350,2415
3734,2336
9297,446
3677,1530
5665,351
5765,1281
2042,1740
2833,2515
5989,2665
5977,256
498,1840
8972,2892
3293,2418
5359,367
4742,931
7722,1345
2501,1524
205,2733
8234,1083
53,2723
5298,2385
2697,871
5325,2589
449,2685
4676,1287
667,956
8035,1312
3078,1676
5737,1122
9417,2777
960,85
4531,1587
2365,332
2047,1811
8075,924
794,2922
9218,1101
6545,116
1304,2798
9459,494
7342,2269
8854,672
35,2265
6024,2595
1497,229
9154,840
5680,1719
2330,609
3990,2677
1683,1002
7335,2759
5446,272
4162,1608
5078,2493
3256,1854
5664,1919
2896,1001
2567,2875
6219,2760
5130,2051
370,2374
6618,129
1191,1045
2253,1468
5167,1187
6074,2737
6875,1846
5308,1894
9624,2225
6702,1769
9243,2866
2787,1831
9001,968
9195,1612
592,203
1913,528
182,1274
799,2083
90,2175
2115,1071
8953,1111
5199,1049
3239,1990
2187,1932
76,1997
7053,1119
2882,1593
3834,2481
829,1525
4218,1370
6421,2852
6892,985
7248,2301
2732,132
1720,2639
8112,2489
1747,1783
1035,2049
7287,1540
6923,2054
1124,2072
2724,2404
6537,1906
5116,894
8818,2556
4607,669
8212,2317
6722,2127
9665,2770
3812,1896
499,1373
7325,1245
5935,613
5108,2414
283,1650
7217,615
740,1566
5977,1515
5358,2112
8814,347
9876,2463
9801,1353
4022,2804
9054,664
3294,1931
1608,2341
394,286
6287,499
2368,1364
2163,2168
5375,562
3775,1128
9037,600
6078,2117
2662,2207
8146,1145
8626,1379
4503,1703
8415,1057
4430,1474
3518,997
5432,1938
2479,616
2139,767
9790,1531
4989,2214
6021,1569
8738,2559
5643,1200
561,328
2628,1047
2235,529
9011,1943
2316,2536
4251,1658
8346,903
5875,753
3525,847
8578,2801
5735,2450
3582,1505
3115,1184
9789,711
6227,2584
3708,1805
2768,2003
9362,989
8124,1986
8809,2353
9273,1961
9412,837
8296,834
5463,2209
730,1132
649,210
506,2056
8120,2709
2916,1434
980,318
6860,1112
5428,1580
8552,946
474,2059
5177,188
561,1601
6320,2264
5777,728
5771,2770
2335,219
6350,1195
1981,520
3923,1163
1070,2338
2408,254
9075,305
39,2844
1912,1901
2560,916
8094,2233
5691,541
3630,2142
6177,719
1746,624
9567,2166
7541,1163
5963,98
5753,1810
2992,260
2048,483
1644,921
5219,2735
3835,1890
1087,864
9484,1677
3611,1073
1700,610
3398,1078
5613,2486
9223,1522
546,2399
8273,2435
3320,2869
2132,847
3687,1187
7089,278
7565,2526
9853,2238
3920,2043
7452,836
901,2838
3531,433
9745,289
4279,1449
8540,1920
7305,1560
7323,1101
3378,2782
4265,2976
5458,932
1697,229
4557,1769
809,1411
6414,560
4080,1893
2622,1512
6965,2058
3600,340
2287,2846
7652,1498
5734,2875
799,169
4868,1878
8921,965
3678,689
9380,1832
8333,2434
1325,894
4988,1804
4904,899
354,739
5841,1251
2007,1369
6741,540
3633,484
3541,373
5403,432
3218,1477
9950,608
9915,1142
1589,920
9226,871
9594,2524
741,2004
5630,2433
6799,1506
1984,955
2736,1115
714,2708
8410,62
3315,2592
2727,1693
39,547
9443,625
6613,1122
4904,2293
6936,2893
8022,581
4146,89
1355,2813
8832,2416
6855,1829
9106,1692
2522,2419
8556,1974
473,476
2876,2692
8836,880
3892,1823
4959,2028
2756,324
9193,1091
6229,88
1148,353
9874,658
2573,2903
1203,2034
5265,2180
4927,2713
5989,123
3121,567
2694,1101
9314,147
1817,1339
6402,92
6163,379
1363,2999
3210,1142
9213,521
4681,1803
7259,2575
9341,1366
2389,710
5302,1575
3901,1215
9920,69
7570,1246
6759,1138
3537,1614
7227,1525
3703,1632
923,2204
7339,2332
6475,135
9898,2683
689,867
9082,1911
2853,652
8313,2404
389,1163
3748,952
917,2577
9824,17
5549,2554
5493,2342
2158,2910
3026,2512
5859,2358
7906,2231
8603,1522
636,2472
6270,292
2381,502
3913,1846
9682,2860
6964,1135
7151,2678
9029,794
1927,1220
9122,2527
985,2944
3317,1325
3529,2817
3633,1113
6597,2308
8873,1372
7443,2822
3257,2120
3316,557
9377,2921
857,2370
990,2341
1303,829
3044,2489
3131,2652
9579,2606
6327,2473
4747,1133
4034,1185
3085,2214
7544,153
1833,1996
5285,1591
7739,2935
5616,1655
4555,1279
6356,2066
1824,2391
7997,1619
8376,1179
8692,1365
8389,1583
2104,280
2731,140
8388,68
6086,642
6245,362
5510,2308
5409,487
4003,148
8407,22
4443,806
9684,1582
5722,1547
2289,1645
10018,950
2259,2980
8261,1523
1866,1225
2049,2358
487,1121
1596,1586
8042,384
6806,2736
3528,1730
9707,1214
4109,2516
305,1581
1541,2090
8650,1146
6915,1535
538,602
4671,1120
9362,2173
8914,763
3464,2078
4803,1382
9098,1801
8548,1245
706,73
8790,583
4771,1267
9577,660
9528,1436
5126,1168
1665,2485
7850,1949
6108,2070
8209,1926
9455,1975
9295,2251
5734,1188
8948,2066
9246,1923
4810,1988
7842,3000
1679,2427
4870,236
2614,2582
5606,1243
3543,1439
8513,1296
4466,387
4754,950
4354,2129
3622,1468
4096,1869
4044,689
6880,854
1401,958
7615,2065
7475,2089
2827,669
7882,1403
2060,238
655,2317
2229,1439
2559,1305
3249,243
5493,1361
6030,2881
4169,1047
5641,454
8294,230
965,511
3686,1396
9275,1664
8830,2305
4153,104
825,168
7626,1333
6533,1497
1965,2535
1145,1083
4118,1116
7158,250
9504,1063
2701,864
5221,1358
6036,2716
9231,2854
8053,2313
76,1824
5040,84
8986,2305
1472,1403
3796,825
2328,1435
2958,2209
96,2391
4602,506
395,2737
6985,697
4385,850
5473,2203
6817,2038
5462,2272
8070,816
212,2002
3459,2475
9309,1498
5585,833
7714,875
277,866
8337,1110
5911,1994
5731,2103
4254,620
2286,2521
7157,471
6637,603
1479,2404
9861,1923
5429,2573
5106,1159
5315,187
7389,1267
2383,1461
7973,633
7012,443
9334,661
6925,420
1028,1812
2654,1187
7467,1199
3040,1587
358,628
1968,432
5380,56
713,1987
5487,2075
6047,635
8632,1444
5186,1470
1894,2666
9543,2067
717,2420
8534,1949
7147,2365
229,1290
1409,765
8654,2646
6001,515
1619,2460
2215,903
4128,1913
5596,2492
1223,1425
4449,2491
4049,1288
5673,310
282,2266
69,2267
2771,2549
4060,1132
478,182
9365,1365
2085,2977
1005,1495
5153,554
3906,2169
1038,144
6662,2532
6238,1237
4034,925
4948,429
3866,2087
8195,1756
2815,1232
526,937
95,725
579,438
166,1070
6235,2591
6120,865
1971,1157
2894,2855
5145,631
1213,2039
3176,2347
9135,1933
5138,1170
7047,374
3087,2451
5277,1942
1841,356
9799,2935
5638,659
1222,2144
5519,752
3772,387
3130,1384
1360,1917
314,2443
4389,1913
1557,680
7771,2384
5963,2623
8131,1533
7359,2310
4111,848
5821,2287
8664,2464
1211,860
9519,542
2433,1669
9041,2822
7463,632
4701,778
7286,778
4616,1956
7922,1875
4497,492
6617,18
5796,1906
641,862
2965,48
3021,1247
37,2673
7291,2623
9742,1746
5747,2530
3134,2548
6517,591
6247,1937
8856,2792
4012,2012
9925,2869
6792,2073
239,1215
8703,2821
5299,2493
9043,130
868,2455
1253,2630
2425,1844
8784,2519
9213,136
5441,2921
1560,2702
9483,379
9048,2718
9536,336
4386,683
4930,521
7889,700
4688,1649
176,1321
3129,1493
3709,2116
4838,2350
2207,1537
1962,707
7597,2037
3614,1518
7202,222
8849,2098
8714,304
743,2692
7763,2733
6816,1597
6916,71
6554,1070
3155,826
7806,31
5278,1814
9210,2367
368,1872
7176,114
1013,1283
5998,340
7884,1241
6825,2356
1387,2466
5002,1086
4629,822
4150,392
1856,617
493,2545
7182,792
6778,1678
7129,2512
5179,286
4275,2892
7349,302
1312,2495
8206,1874
2291,829
9211,2511
5558,1316
4852,1305
9620,976
6012,782
8799,2812
4078,1581
951,307
6524,1306
8991,2623
4156,2638
4626,2589
2747,1305
86,1373
6785,393
5435,1188
2461,530
10013,1338
9816,757
1670,2373
707,792
5721,423
6816,1537
7943,902
1309,591
5276,1646
2661,758
37,784
4943,522
5152,2576
4866,1319
3116,640
1031,2227
1823,32
8548,33
1439,1229
7922,2138
8745,810
6205,2479
1871,2896
4838,1515
8635,370
1204,775
9118,2100
926,2441
6801,51
9103,2401
6946,1633
2873,2660
5173,458
6983,1849
146,1326
3468,898
9900,1877
5730,906
6027,1470
9270,1987
395,323
7098,2243
2538,2756
7047,1926
6230,2807
2215,65
9498,1644
3951,222
8962,784
1596,1703
4260,1307
7745,2875
2494,2338
6547,2029
4619,1578
2484,337
9630,178
3542,1359
6102,1016
8722,2183
6475,2575
6776,1773
4704,2376
6177,2741
6356,770
185,1810
3511,2308
5279,2742
5819,2924
5999,819
7704,1207
9122,2817
2689,438
4558,1926
4357,514
5618,1469
7943,1961
2482,2794
8727,2058
3967,467
5581,1609
6662,526
5110,2273
9528,258
7116,2358
5343,1712
6656,68
9628,2856
8234,2296
10023,300
6527,535
452,2992
5881,1991
3345,737
4264,2300
9955,2203
3799,2858
1213,1524
6320,170
7215,2382
2421,325
8914,840
3045,2835
7958,632
3627,817
2194,226
1537,2751
4159,2769
3750,2704
4118,279
178,811
4590,2345
6544,2405
3169,859
65,2599
8475,1586
4934,1987
3786,1246
6368,2281
404,1503
3330,364
2280,2928
5050,357
8012,810
6681,1335
6658,394
7061,2033
1592,2453
4673,385
2135,1994
283,2214
3191,1398
3266,2005
1502,1196
6346,2757
4680,2669
9932,453
685,2905
6356,1912
5488,2504
8338,1323
6014,23
8041,2458
2415,1347
9724,1643
8563,1340
7815,2860
7765,406
477,1511
1708,2135
5684,2885
5183,1241
4894,1098
2151,1751
7881,140
5109,976
436,1173
1202,743
1683,1431
2950,2458
3716,2688
9302,891
1500,1966
8465,2604
6816,1400
5542,2812
2739,2522
1421,2271
5138,2351
8884,2857
8131,2973
8047,1210
3339,1333
949,1937
4023,510
2326,2886
4627,2615
1102,2590
4889,2819
2510,438
324,1666
5129,647
6302,222
9058,2191
6628,2095
8138,888
7040,785
4955,1422
8958,2371
285,2326
7313,1455
710,371
479,2465
2211,1642
6714,1034
3102,742
4601,1818
4625,377
1866,2456
3958,2590
6825,1016
1983,552
9417,1079
5581,1153
2695,1863
7885,1891
6298,2479
7414,1229
9427,2092
7898,1163
8394,175
7191,1316
686,2898
7810,745
9043,773
8834,2072
1836,423
7912,1428
9551,1462
3073,611
3284,2653
6397,1065
247,2622
9267,1501
6957,1980
1471,483
8756,1765
2047,1264
2172,2351
8972,2258
9107,1276
3157,2538
2717,1358
7608,1040
432,2919
3713,1335
8912,2909
7038,2423
9815,1726
6238,2230
1134,668
1134,196
3207,1574
9106,1499
4526,1721
5106,2333
4933,2607
4312,767
1491,273
5509,2526
6038,344
8076,246
5350,2172
8834,2289
591,1741
7687,2983
1467,2089
4367,2827
2733,417
8887,2895
3803,2692
9417,1737
605,2843
3098,1874
7008,964
8727,1518
1586,2167
5253,30
8068,2189
1935,2080
7517,2863
4687,2569
8261,1631
4755,435
4654,949
6078,1745
1640,1135
6259,2320
5968,117
9556,1523
4480,231
1376,1737
3298,1542
7381,669
7004,1947
7998,2564
2207,637
3299,1306
2882,1163
1768,1650
3462,2177
7044,485
5226,2607
8695,2347
6473,1355
4008,2311
5222,823
5101,2553
6482,619
6027,1706
5175,2985
117,2104
1522,1917
2610,1291
8628,86
5445,1134
1366,2594
5734,1754
9618,2037
862,1915
9648,761
7160,2537
1228,1316
419,1406
544,1735
1172,2390
8057,2451
8144,374
9916,1109
9938,463
6012,1388
8854,1811
2567,772
1185,466
1460,2867
9312,1271
8674,957
1478,2908
8679,1364
2482,1710
6486,286
1559,2313
9003,412
6274,2091
3138,520
3914,325
4171,1617
6016,1578
3650,1711
6304,2389
7443,2986
5827,2085
8249,2251
8615,1810
970,2342
944,829
7798,2497
4276,1604
352,1461
1522,1439
8402,194
8981,1129
1068,2221
4286,1319
7289,2669
9886,1508
83,2061
1433,1198
3449,1947
2182,1926
6759,2716
1460,430
3270,2304
2954,2019
3470,2895
9568,2331
3998,2553
9252,2319
4884,684
2824,2894
5647,858
1495,802
9570,1089
1321,786
3418,2911
6029,1575
71,872
4660,452
5691,2652
46,2815
3395,1310
5826,2354
5288,2530
2333,957
529,599
4018,811
6353,873
846,2596
366,2608
3727,1933
8677,2924
1271,631
669,570
4145,2446
2380,164
448,2139
4475,318
6518,1655
7761,2022
5211,2086
3582,487
1590,2673
520,2782
3276,1225
6512,1727
1068,433
2372,692
2553,850
5948,2820
345,301
3207,2151
1116,2327
3085,1547
8674,2338
4391,2198
6577,111
9218,932
9186,2677
3235,2609
2354,2044
9305,2812
8004,1244
5743,511
4523,1705
3170,1281
1406,2688
701,25
2048,2774
1063,2402
4050,1971
3929,2643
1015,622
4955,2735
9869,1769
2507,2117
1872,1278
2615,2928
1841,2349
8156,2993
2448,1157
5286,598
9512,2092
8354,563
6295,984
1642,134
8343,2401
2667,1925
5510,64
8639,1568
9149,430
5229,135
9044,2944
2937,392
9658,1092
2487,1775
8852,980
5036,1454
4298,806
5888,1436
6581,1213
7673,640
8067,1943
2406,2549
9893,723
6804,956
4587,1415
2360,1802
1687,2654
2271,542
7263,2336
8764,2303
7122,1613
9095,1983
5937,1931
596,1983
7818,2046
4496,694
8797,2066
3219,85
3712,1113
8725,1300
7760,2366
6551,320
4364,1215
8371,418
2031,695
9937,1746
7597,1207
9023,2530
4490,942
1364,693
3346,1877
5414,2664
4794,931
5975,2250
8652,773
5054,1865
8949,2304
6120,2947
9407,2224
6731,29
9646,1774
1198,307
5343,2425
4357,2704
8147,1378
1259,1832
4855,2511
8860,2883
5232,306
9830,1401
6469,499
5971,2279
1624,2511
9519,579
7934,2463
7432,1392
7611,1770
2702,32
4945,974
4836,631
6536,2132
7355,579
7713,1701
1259,2372
8527,394
4905,2268
2595,2290
2428,571
6086,1755
8582,530
6281,2907
205,190
4649,1431
7231,130
5899,2122
1601,388
6680,2340
5799,639
3909,431
5359,471
9026,665
490,1381
9616,2249
1357,2887
5539,840
5761,2425
8519,2952
7507,726
5392,1069
6509,215
265,2341
5107,1180
4721,2726
2408,630
8072,1765
85,440
5196,1137
9414,731
954,2806
1329,2206
2967,302
8994,2909
1565,1655
8468,455
9905,1623
2794,2345
8420,323
233,1592
2721,1461
1729,2885
5068,454
3909,2405
6778,806
3728,54
2604,2428
1951,1007
2763,2332
7488,2667
1025,626
9132,299
7658,184
1156,853
5667,2103
9321,579
7809,579
1897,1607
4478,1890
4587,689
9074,2125
3829,168
5568,2162
1625,1224
5931,2321
3858,1389
5309,1903
4085,2544
4441,2241
9790,2598
671,967
7619,1989
5621,1339
8302,2283
4378,23
7483,212
4759,2631
157,2233
4278,1683
9256,663
5002,231
2114,515
8110,2795
9193,27
2773,1353
5587,1938
3560,1122
4910,275
5819,2377
7499,939
7669,1382
4641,845
2511,166
6765,2621
994,2434
7277,1349
6832,2078
932,172
8363,1193
9462,2711
748,2950
1594,2266
5776,1889
8636,25
5573,373
8720,1570
5290,780
4063,2629
3808,402
6606,871
4388,701
380,2021
5425,2529
1766,1408
6539,1508
6821,1753
2975,1228
321,209
7720,848
870,2255
8677,546
3273,2636
8873,2264
3317,1971
9978,563
8205,2341
5777,2270
9302,694
5922,1748
9469,2015
5198,2226
4483,1266
5582,2746
5330,1879
8975,430
4160,2347
6830,1621
7811,2314
4000,2148
7089,797
3343,2594
4070,604
267,2034
1586,17
8980,37
9896,2961
1793,876
3514,191
9025,249
6225,374
2610,278
6675,1430
5898,2116
4888,527
4115,2214
6309,455
1041,1906
5390,1956
6557,301
9552,2954
5408,33
3076,117
9036,2909
2926,574
7340,1923
8102,2171
317,1284
6784,2793
8347,2665
8441,1336
3771,86
8100,1767
598,74
522,1936
3625,1532
9921,2659
1979,2635
8731,28
3945,779
6917,1205
9862,1453
2720,1888
4371,140
1424,1479
4805,881
4895,655
426,1309
797,1039
5017,444
9854,523
9254,1110
6338,2546
2863,934
9289,2151
5365,2181
921,1914
6850,746
6168,2348
8858,587
336,2195
7558,70
790,2201
7088,2743
718,63
5800,1196
7388,1326
7607,1010
8510,410
9824,1700
140,1608
8352,826
1688,1762
6410,2405
7096,1347
618,133
5605,2829
9710,21
8664,572
344,2224
6612,2495
2878,533
748,1826
2252,1566
2680,2206
5190,956
517,571
5880,2126
75,1765
1483,1831
9634,312
9642,2283
5874,2392
5580,741
4123,1233
4083,185
2594,1024
8081,2790
4245,1332
5739,1149
3071,1350
8004,1611
7978,2808
1679,375
6667,454
2469,2776
1011,1734
8869,1507
9842,1138
2828,2039
4338,1655
8141,2446
4537,1248
9168,1267
626,2060
5672,101
9702,551
188,998
5747,1279
5858,1501
707,1272
7021,1706
8032,2377
8292,591
4156,1603
929,1151
4603,2291
795,1487
4541,1009
6425,707
9719,1863
4217,2292
7530,2299
9204,485
1073,1087
1425,313
8730,877
4841,2809
4283,1865
4737,830
8661,2667
8758,197
4414,232
4604,666
3135,2742
2941,2009
7141,1522
6716,2497
3736,448
1237,2028
6659,2582
9497,1669
328,261
7913,764
3347,707
5729,1704
4138,1478
3165,79
6238,722
8941,2148
6051,761
3404,2698
2919,1740
5754,712
9233,2414
6400,2574
6649,2496
6576,693
7480,505
465,782
8827,1538
7844,2202
8736,243
4423,841
4802,795
2525,2980
5477,431
1338,1932
9405,1308
91,2479
9924,960
1796,2899
3014,622
4244,2572
1279,2755
9514,2646
5288,1901
7859,2416
6521,472
2635,657
5282,1726
5835,2306
8150,1396
5878,2837
8713,2641
3370,2986
9432,2256
64,622
9083,1280
4320,2259
2458,1723
4003,2333
4933,2586
1229,1460
6723,2026
8595,2348
7948,620
1642,1193
5001,1036
1641,1618
1915,2954
6539,1987
8794,2705
707,2629
1526,491
2488,633
1384,2283
4372,2263
9425,2985
9947,1130
5989,2302
4123,1220
4972,1610
3158,1191
241,1868
8599,1086
3304,2210
3098,568
9347,2891
7355,1381
4008,1605
1725,1610
6038,2769
4516,1840
9249,2677
5517,2779
6621,1530
8991,278
5861,940
2826,1189
5566,1627
6854,587
7053,593
204,752
8882,434
8873,1462
6822,162
874,1982
7502,1957
7243,2119
4642,2047
1393,1737
4148,366
5272,500
7348,2476
307,1551
4803,849
9841,2826
2716,559
3620,1509
4538,1988
7441,579
7652,608
7898,1827
546,2922
1388,2417
9867,2092
8686,1563
338,795
9424,2043
7147,1917
7710,2917
4248,419
5033,1206
4654,1091
8163,2620
3367,2762
8264,1093
9232,226
464,404
8032,2798
4471,709
2729,1812
9221,430
9001,877
9581,741
9048,2026
2414,1179
3831,2814
362,1788
2546,833
8254,1396
6541,966
5044,1288
6474,2249
8948,1143
9043,569
3041,1891
149,2595
8385,179
8404,942
5389,2183
9906,1972
4337,394
6511,2940
2353,650
6659,1024
130,1593
8857,832
298,878
2396,2525
4802,2442
7882,1524
2037,845
1844,177
2355,1540
2199,2491
5834,702
4154,2158
7994,2036
8799,569
3665,1970
964,30
8859,1069
8934,2750
9281,445
1665,337
7942,281
7545,1015
3503,1944
4907,2370
2417,870
5857,1416
9354,1316
3564,754
2741,2770
8280,731
7297,1784
1748,876
952,1488
1208,160
2458,1878
9664,2331
7089,1302
7279,449
4886,1394
7920,1823
1562,2266
4591,2412
8995,2794
2029,277
97,1296
9986,2477
4080,103
6242,1406
7709,250
9732,2260
1386,995
1449,1219
5312,1065
1526,672
1282,735
2445,2327
507,1128
3385,1458
4041,74
5185,410
9103,2897
814,2867
6338,677
3709,2987
2996,2925
250,2237
8109,2615
5683,1062
5985,2545
9754,749
1310,2032
7972,41
9846,1308
8857,2879
7777,557
9827,74
3234,1076
4228,2248
4575,1290
4726,1741
7500,898
10009,2574
4640,519
6804,1341
5190,2736
7452,2764
3542,856
356,873
4742,1438
6733,2914
7484,1903
9539,2971
2088,607
9875,850
59,1869
4661,2444
5951,779
8701,201
9640,2140
8304,1595
168,750
5238,482
5036,2490
8682,1788
9247,1345
8589,913
7584,2976
7183,561
6705,1148
7946,1190
6656,1874
6983,2658
5948,1909
4713,1784
513,2641
206,728
8640,644
4624,619
3616,514
2371,1566
306,1499
3425,1525
1604,1463
2796,1783
4842,1954
4595,2152
158,2314
4098,492
5314,533
632,1022
3308,2677
8165,1974
7223,1423
6299,2176
6777,764
8172,1661
3184,1206
956,2657
989,822
1719,2678
4323,937
8698,2757
6805,2487
3536,2065
8684,734
2372,546
1231,2800
6874,2836
4700,2320
7518,1383
8533,2415
7313,1946
4952,1152
5456,868
7330,1172
5649,2924
3979,967
3838,446
6709,394
1421,607
8736,2967
8548,1322
6109,1210
1505,2865
6493,2520
9590,624
5210,1931
3225,1706
5643,275
9230,1024
9330,2208
4089,1229
2763,809
2637,1892
263,495
5551,1308
5209,1685
3961,1585
2835,2915
252,1353
9084,2474
6439,2682
2352,2248
6018,234
191,1965
1048,1623
7149,625
4191,422
4092,1050
4162,634
5806,952
9534,2621
5567,1815
2890,972
8782,1888
9861,2248
1847,930
1256,2431
3028,2752
1865,2426
6391,2442
4244,2160
6646,1431
2219,2122
7494,2237
5359,2373
2261,925
5422,518
7152,116
2724,1291
223,1349
4991,2021
3287,2063
5036,423
9933,793
3604,2150
9279,1290
2309,1705
7803,2888
8377,2139
2632,703
3529,1072
3058,1425
7114,2270
2153,2207
6054,2292
1573,2601
3827,320
3630,970
2474,2344
1983,278
1883,1565
9085,13
480,2731
8873,1861
5745,1096
1077,2989
4315,2990
3880,1302
682,1020
2565,433
4041,1037
6611,404
3059,1058
5979,1706
9557,1723
5551,2352
3731,1438
4028,2410
8612,2435
6151,712
7467,1556
189,1218
9464,528
8503,167
1448,992
7247,1682
7076,2852
7939,2335
8288,564
3076,2871
5821,676
5409,2229
5629,1262
1808,2074
7992,567
7674,672
8576,2762
8545,2660
550,1910
3015,2474
3451,1086
9231,1217
9696,2263
6196,149
4914,772
9067,2205
4445,2932
8302,1090
7110,1656
1559,2706
3242,427
8536,2722
885,2817
6466,1578
7350,93
2132,2877
5826,1893
2124,1861
7470,2306
897,298
1626,360
4000,1305
8837,609
7735,63
9398,2544
9624,2655
5111,1040
6777,2562
8103,435
6039,1432
913,1856
9254,495
2854,1256
835,494
8700,567
3571,781
4093,2041
8944,2296
3522,788
1958,284
9936,1885
48,105
2447,229
4223,1146
4937,137
8601,2265
9150,2165
9496,1116
6840,1836
3859,2009
3495,1216
3053,2696
1562,1510
4494,1962
9303,1656
2358,1365
2103,1100
157,1807
3391,1992
5734,463
9188,2495
4149,1074
9515,1698
6567,971
5043,2006
786,700
8820,2247
6929,1116
1724,2401
6044,1428
5732,1916
3940,1834
6164,1304
3738,1901
982,2127
3156,1633
1290,137
4491,2383
3719,936
7965,2455
3327,2634
285,2550
5149,2452
4481,1369
8633,1455
4925,1408
8630,193
5620,484
7287,742
4859,1395
7214,2651
2404,2871
3324,1031
4628,602
38,960
9412,1312
8901,157
5990,1067
596,834
7031,974
8805,656
7237,592
9570,2929
3327,942
1941,308
5594,1154
659,2786
4351,2604
8899,1011
6840,590
4969,2194
8262,1301
8951,1320
3965,1019
821,1722
8903,2031
3383,872
7182,38
4113,2225
5314,356
2724,2632
4334,2479
6560,766
5406,1632
1940,2497
1671,2425
9606,2119
6608,2265
875,1254
4153,969
710,2087
5936,1080
4649,2524
9529,171
2464,989
5737,2303
4874,1031
9040,1632
2015,2547
4617,579
5953,2416
8562,2698
8430,2217
5885,489
5602,1188
5961,2551
9655,1420
8333,1194
3807,173
7665,835
7008,2864
3291,1114
6230,1253
7672,114
2166,255
2956,1341
1443,2736
3788,1660
5076,1977
6828,2570
4796,2519
840,1991
6312,1505
9961,1092
286,863
9892,55
850,2586
5129,2349
6934,2521
2038,2321
4809,1012
3734,223
2492,2069
9370,233
5564,1012
2148,1200
2806,1418
8064,498
3937,982
6971,893
2147,1751
6971,2342
6073,21
1686,1129
6861,2787
8673,1032
2188,499
2096,2104
4405,192
634,723
3108,73
7758,2443
5666,510
7086,1194
736,447
5794,1730
2243,1452
6372,2347
4192,2312
8962,1236
7044,373
1941,1337
5492,1593
9654,1866
2757,239
83,225
5072,960
3305,2139
7795,2034
7210,769
842,176
9016,620
312,417
5941,901
5469,394
827,1703
2314,1386
1195,90
9386,1683
8608,1245
2426,1489
1268,530
6092,2676
751,1437
7029,1032
5206,2384
580,2549
2251,1739
6777,84
6840,2822
5506,2284
8087,206
8885,932
4026,2468
6956,2551
5552,53
2282,2278
6592,916
8850,1043
528,2652
9595,1762
578,1062
2674,1768
7908,200
6863,574
5010,1499
7665,1178
2132,1562
1150,1983
8113,2844
3347,1856
8621,1259
1115,2307
3103,581
8188,1839
1890,492
2945,374
516,2424
6849,147
4786,2408
5124,1392
6586,1960
63,2397
4852,738
3137,1970
6874,2794
6133,653
5689,1934
4530,152
9383,883
9746,2033
6181,1873
3881,2149
1388,2081
9267,1090
3041,250
5004,2583
5721,2480
9846,2986
7128,2658
4139,1902
4735,873
8574,2804
8345,2444
4086,2049
320,1884
1318,181
5285,2977
1756,1592
1476,2958
5196,516
6566,973
5370,1793
6592,555
3991,1373
3434,392
1409,1893
6181,1436
6844,2056
3343,2146
9408,909
594,1553
2688,2411
1585,1008
4561,578
8898,2725
1961,2119
1078,1683
7476,1537
7770,1280
7346,215
4224,947
528,970
592,1720
5107,444
795,2340
669,1755
134,2037
9773,1631
6308,2971
6139,2843
8781,1594
6336,880
6484,1138
7114,2566
9705,1848
5405,31
39,346
6656,652
8013,2082
9725,1637
1468,75
3787,2613
1387,109
6680,2489
8740,2755
2084,2792
9733,873
9811,182
6612,11
6436,1686
8224,395
4605,2660
9974,2894
3310,1471
1580,1272
7101,904
5048,2185
8007,2770
228,2301
1223,452
3260,706
305,251
2464,1792
7250,561
3967,463
2524,497
2131,1799
2034,1821
2095,2318
6266,498
5238,1677
3928,2073
6618,280
3098,251
2012,169
447,2306
8266,2275
4516,399
8022,902
1501,2090
200,2960
39,1692
5321,1241
7408,1713
1831,1512
1726,1816
2896,278
9913,88
9253,1374
1903,1928
2474,1945
1297,2149
9495,2601
6168,2952
4430,2843
2826,870
4320,1307
1254,1438
6423,488
9506,908
6294,1704
8039,1165
4710,1984
2297,551
4858,1669
9687,2110
9893,1860
8899,934
2677,1440
2555,276
4525,2464
329,397
159,2802
120,2056
4946,1966
3784,557
4812,673
4541,436
6713,1875
2110,1805
4652,2314
7459,2635
4286,2000
2162,372
6172,88
7943,1302
84,336
3543,1799
5419,1912
893,1466
8611,310
9181,1146
8983,1104
245,2225
1932,1521
1422,25
9302,837
59,2492
400,1350
891,1797
5644,1567
5679,716
2887,138
3919,1837
704,1445
1086,2455
7509,724
865,727
4385,675
6034,2279
308,1641
6829,1199
5588,132
9334,1258
990,2006
9641,985
650,1492
3178,949
2897,495
2841,1273
2775,731
794,848
2321,542
6541,1360
2011,804
1051,444
6992,399
5543,1647
3919,2995
7647,1082
6832,2549
972,1743
1163,1388
1385,2804
623,2797
5678,1596
8228,1208
9053,1848
7844,265
4692,2245
5836,1882
6250,721
4778,2410
7181,2020
9616,370
3895,1120
8587,1106
2414,2177
1009,2486
2251,2621
7749,1983
2520,1942
3005,2079
7396,471
2758,1602
5842,2890
5926,2172
3621,2517
3328,2504
1851,1317
5916,2850
4126,358
5978,2567
10006,2866
6412,1078
1378,11
6882,1306
9123,951
6083,2928
3592,204
54,1687
2909,2140
9621,1659
1504,1045
1644,162
7949,2856
6632,60
3761,2066
1298,1323
7247,2431
5337,1805
6806,421
2524,972
7549,1139
3734,919
1491,2030
2609,99
849,2234
3671,429
5989,216
5907,2560
7745,2171
5211,407
3130,582
3002,2646
4491,111
2161,1751
7092,2918
7523,220
2145,149
1713,112
2222,2063
1704,2307
3314,1845
2212,1290
3035,2499
6146,1734
8141,120
8704,1648
1676,886
5836,160
1623,2178
6923,1273
9407,2871
7641,2857
558,1452
4016,2563
7766,1677
8657,972
5827,2536
6806,529
1227,62
1436,2826
8158,1590
6261,1612
255,446
8132,39
1789,2943
7004,269
1381,1626
583,2787
335,810
628,1063
2028,950
7237,647
5673,2946
1197,1836
3478,2365
6197,668
3383,2402
9059,2762
5340,305
947,1983
3565,85
459,2890
5851,2117
883,1200
7188,1893
3359,2987
9441,2333
6625,758
6236,465
8585,2724
6117,2999
5839,2578
1790,1908
1222,442
4762,1121
1597,379
5240,2062
8208,2500
307,2456
7488,28
5268,2965
8329,1959
7987,1202
7865,2875
5753,1738
7131,993
6960,1947
7219,2336
2208,760
4308,2075
3935,2053
5686,1291
4651,2356
5197,2197
9279,201
8644,2139
4488,796
9038,597
3596,247
6063,1547
2425,749
985,1635
2672,1495
4324,487
9575,937
10029,1534
2715,1206
403,694
5659,2110
923,290
6542,412
6546,1830
7935,1571
2984,2763
8033,1713
1104,367
5292,663
7864,2298
2103,538
4958,824
1408,98
74,545
9514,1820
327,2748
1882,601
419,591
7894,1011
5987,2866
4871,2761
6938,1470
5558,1874
2682,1850
3780,1829
6531,2733
7155,1482
3711,1697
5119,1593
5566,243
4450,1236
522,1778
6795,2738
4153,2702
6143,2501
614,1805
9954,1173
4569,390
5009,1762
2808,2884
9376,2216
2973,2176
7698,2897
6761,2341
1788,2791
7925,988
9204,1856
8054,531
10014,1336
9907,465
7660,1117
1411,951
3596,2040
1427,1396
9191,1856
2212,2995
8344,1308
8017,1028
9694,2208
7699,1243
6819,2547
8610,1318
1653,25
6043,282
7999,2278
5035,184
6963,2283
9281,2469
8839,2253
5480,266
2825,1751
2106,1097
7737,1493
9243,1253
973,2542
6486,253
836,1359
539,1654
2355,2293
2678,2996
2638,144
2943,2440
5508,514
1533,2987
6811,1527
8141,639
3023,2319
5577,2763
103,2238
4835,1612
5523,2443
6567,851
3421,2323
6168,631
3719,121
7035,2645
2649,211
3732,670
5164,780
2586,1652
2919,691
900,1724
1573,1804
5089,290
2241,2919
9648,775
8475,2209
2738,2005
1817,2874
7707,1791
1226,1196
2101,2281
5278,547
1487,2465
3242,1887
8285,107
1930,1083
8503,13
5696,2988
6115,435
6319,505
2807,2527
8139,2445
6938,330
2064,2748
1984,2683
2438,489
53,1308
9314,2514
9683,492
4508,224
1099,2075
8593,1280
9851,725
5965,2694
2280,2054
4264,2200
3974,393
4424,929
5471,843
8090,819
6384,1817
1529,724
8702,1048
2913,219
6209,1242
3818,496
8460,1235
1683,2919
8643,1609
5932,1660
9760,678
5495,1543
5214,2861
4508,12
6741,2157
4659,1661
2414,2902
7904,2144
6220,870
2091,1849
74,2945
9893,1283
5917,2761
3526,476
3095,269
819,1043
9080,37
6814,1309
2668,1990
2437,1918
4401,266
775,1756
8865,2767
9854,1986
8233,1860
5259,1109
1403,1388
5361,949
7656,375
10020,1540
8889,2351
5301,879
8508,167
2148,135
7392,1363
9456,2470
2558,1850
5030,1594
5102,2622
5283,946
4420,867
3308,1075
1679,1133
2193,1968
7829,2962
4222,2227
9796,1138
2927,2790
7429,1138
4596,1281
4510,2542
8600,1844
6489,74
9959,2356
9031,43
4043,1512
7341,94
7617,1199
334,1490
2151,2444
1361,15
7387,2564
898,2854
3817,1582
8839,1080
2565,2193
2548,99
9068,1392
447,644
8033,2172
9151,1849
2277,881
1650,2579
8551,1509
7136,1964
926,1598
1169,2977
1119,2671
142,2469
9660,1164
7480,2185
1844,1107
6716,1472
50,2662
5860,1302
3473,2372
8379,1346
4397,2413
215,2676
227,390
2287,72
1983,1830
622,411
1799,1774
6852,2962
7931,50
1473,1390
2935,621
5455,915
9072,331
4411,793
1153,2008
7340,1757
783,2565
6319,1384
3448,1225
4272,667
433,2384
4573,1299
606,1904
7587,2979
1634,2726
1854,1209
6102,1844
7846,352
8698,458
9926,1025
3054,2652
4099,1654
7625,2709
349,2912
4034,708
8021,2479
4097,1713
2383,2289
1695,2790